<?xml version="1.0" encoding="UTF-8"?><?xml-stylesheet type='text/xsl' href='_UpgradeReport_Files/UpgradeReport.xslt'?><UpgradeLog>
<Properties><Property Name="Solution" Value="CallbackCS">
</Property><Property Name="Solution File" Value="C:\home\disciplinas\AVE\2S2009-2010\src\Aulas-CTS2\CallbackCS\CallbackCS.sln">
</Property><Property Name="Date" Value="terça-feira, 13 de Abril de 2010">
</Property><Property Name="Time" Value="09:48:14">
</Property></Properties><Event ErrorLevel="0" Project="CallbackCS" Source="CallbackCS.csproj" Description="Project file successfully backed up as C:\home\disciplinas\AVE\2S2009-2010\src\Aulas-CTS2\CallbackCS\Backup\CallbackCS.csproj">
</Event><Event ErrorLevel="0" Project="CallbackCS" Source="Program.cs" Description="File successfully backed up as C:\home\disciplinas\AVE\2S2009-2010\src\Aulas-CTS2\CallbackCS\Backup\Program.cs">
</Event><Event ErrorLevel="0" Project="CallbackCS" Source="Properties\AssemblyInfo.cs" Description="File successfully backed up as C:\home\disciplinas\AVE\2S2009-2010\src\Aulas-CTS2\CallbackCS\Backup\Properties\AssemblyInfo.cs">
</Event><Event ErrorLevel="0" Project="CallbackCS" Source="CallbackCS.csproj" Description="Project converted successfully">
</Event><Event ErrorLevel="3" Project="CallbackCS" Source="CallbackCS.csproj" Description="Converted">
</Event><Event ErrorLevel="0" Project="CallbackCS" Source="CallbackCS.csproj" Description="Scan complete: Upgrade not required for project files.">
</Event></UpgradeLog>