<?xml version="1.0" encoding="UTF-8"?><?xml-stylesheet type='text/xsl' href='_UpgradeReport_Files/UpgradeReport.xslt'?><UpgradeLog>
<Properties><Property Name="Solution" Value="TestInvoking">
</Property><Property Name="Solution File" Value="C:\home\disciplinas\AVE\2S2009-2010\src\Aulas-CTS2\TestInvoking\TestInvoking.sln">
</Property><Property Name="Date" Value="terça-feira, 13 de Abril de 2010">
</Property><Property Name="Time" Value="09:50:17">
</Property></Properties><Event ErrorLevel="0" Project="TestInvoking" Source="TestInvoking.csproj" Description="Project file successfully backed up as C:\home\disciplinas\AVE\2S2009-2010\src\Aulas-CTS2\TestInvoking\Backup\TestInvoking.csproj">
</Event><Event ErrorLevel="0" Project="TestInvoking" Source="TestInvoking.csproj.user" Description="Project user file successfully backed up as C:\home\disciplinas\AVE\2S2009-2010\src\Aulas-CTS2\TestInvoking\Backup\TestInvoking.csproj.user">
</Event><Event ErrorLevel="0" Project="TestInvoking" Source="Program.cs" Description="File successfully backed up as C:\home\disciplinas\AVE\2S2009-2010\src\Aulas-CTS2\TestInvoking\Backup\Program.cs">
</Event><Event ErrorLevel="0" Project="TestInvoking" Source="Properties\AssemblyInfo.cs" Description="File successfully backed up as C:\home\disciplinas\AVE\2S2009-2010\src\Aulas-CTS2\TestInvoking\Backup\Properties\AssemblyInfo.cs">
</Event><Event ErrorLevel="0" Project="TestInvoking" Source="TestInvoking.csproj" Description="Project converted successfully">
</Event><Event ErrorLevel="3" Project="TestInvoking" Source="TestInvoking.csproj" Description="Converted">
</Event><Event ErrorLevel="0" Project="TestInvoking" Source="TestInvoking.csproj" Description="Scan complete: Upgrade not required for project files.">
</Event></UpgradeLog>