<?xml version="1.0" encoding="UTF-8"?><?xml-stylesheet type='text/xsl' href='_UpgradeReport_Files/UpgradeReport.xslt'?><UpgradeLog>
<Properties><Property Name="Solution" Value="delegates">
</Property><Property Name="Solution File" Value="C:\home\disciplinas\AVE\2S2009-2010\src\Aulas-CTS2\delegates\delegates.sln">
</Property><Property Name="Date" Value="terça-feira, 13 de Abril de 2010">
</Property><Property Name="Time" Value="09:48:38">
</Property></Properties><Event ErrorLevel="0" Project="delegates" Source="delegates.csproj" Description="Project file successfully backed up as C:\home\disciplinas\AVE\2S2009-2010\src\Aulas-CTS2\delegates\Backup\delegates.csproj">
</Event><Event ErrorLevel="0" Project="delegates" Source="delegates.csproj.user" Description="Project user file successfully backed up as C:\home\disciplinas\AVE\2S2009-2010\src\Aulas-CTS2\delegates\Backup\delegates.csproj.user">
</Event><Event ErrorLevel="0" Project="delegates" Source="AssemblyInfo.cs" Description="File successfully backed up as C:\home\disciplinas\AVE\2S2009-2010\src\Aulas-CTS2\delegates\Backup\AssemblyInfo.cs">
</Event><Event ErrorLevel="0" Project="delegates" Source="Class1.cs" Description="File successfully backed up as C:\home\disciplinas\AVE\2S2009-2010\src\Aulas-CTS2\delegates\Backup\Class1.cs">
</Event><Event ErrorLevel="0" Project="delegates" Source="TypeWithManyEvents.cs" Description="File successfully backed up as C:\home\disciplinas\AVE\2S2009-2010\src\Aulas-CTS2\delegates\Backup\TypeWithManyEvents.cs">
</Event><Event ErrorLevel="0" Project="delegates" Source="App.ico" Description="File successfully backed up as C:\home\disciplinas\AVE\2S2009-2010\src\Aulas-CTS2\delegates\Backup\App.ico">
</Event><Event ErrorLevel="0" Project="delegates" Source="delegates.csproj" Description="Project converted successfully">
</Event><Event ErrorLevel="3" Project="delegates" Source="delegates.csproj" Description="Converted">
</Event><Event ErrorLevel="0" Project="delegates" Source="delegates.csproj" Description="Scan complete: Upgrade not required for project files.">
</Event></UpgradeLog>