<?xml version="1.0" encoding="UTF-8"?><?xml-stylesheet type='text/xsl' href='_UpgradeReport_Files/UpgradeReport.xslt'?><UpgradeLog>
<Properties><Property Name="Solution" Value="Deployment">
</Property><Property Name="Solution File" Value="C:\home\disciplinas\AVE\2S2009-2010\src\Deployment\Deployment.sln">
</Property><Property Name="User Options File" Value="C:\home\disciplinas\AVE\2S2009-2010\src\Deployment\Deployment.suo">
</Property><Property Name="Date" Value="terça-feira, 25 de Maio de 2010">
</Property><Property Name="Time" Value="11:36">
</Property></Properties><Event ErrorLevel="0" Project="" Source="Deployment.sln" Description="File successfully backed up as C:\home\disciplinas\AVE\2S2009-2010\src\Deployment\Backup\Deployment.sln">
</Event><Event ErrorLevel="0" Project="" Source="Deployment.suo" Description="File successfully backed up as C:\home\disciplinas\AVE\2S2009-2010\src\Deployment\Backup\Deployment.suo">
</Event><Event ErrorLevel="0" Project="CalculatorV1" Source="CalculatorV1\CalculatorV1.csproj" Description="Project file successfully backed up as C:\home\disciplinas\AVE\2S2009-2010\src\Deployment\Backup\CalculatorV1\CalculatorV1.csproj">
</Event><Event ErrorLevel="0" Project="CalculatorV1" Source="CalculatorV1\Calculator.cs" Description="File successfully backed up as C:\home\disciplinas\AVE\2S2009-2010\src\Deployment\Backup\CalculatorV1\Calculator.cs">
</Event><Event ErrorLevel="0" Project="CalculatorV1" Source="CalculatorV1\Properties\AssemblyInfo.cs" Description="File successfully backed up as C:\home\disciplinas\AVE\2S2009-2010\src\Deployment\Backup\CalculatorV1\Properties\AssemblyInfo.cs">
</Event><Event ErrorLevel="0" Project="CalculatorV1" Source="CalculatorV1\key.snk" Description="File successfully backed up as C:\home\disciplinas\AVE\2S2009-2010\src\Deployment\Backup\CalculatorV1\key.snk">
</Event><Event ErrorLevel="0" Project="CalculatorV1" Source="CalculatorV1\CalculatorV1.csproj" Description="Project converted successfully">
</Event><Event ErrorLevel="3" Project="CalculatorV1" Source="CalculatorV1\CalculatorV1.csproj" Description="Converted">
</Event><Event ErrorLevel="0" Project="CalculatorV2" Source="CalculatorV2\CalculatorV2.csproj" Description="Project file successfully backed up as C:\home\disciplinas\AVE\2S2009-2010\src\Deployment\Backup\CalculatorV2\CalculatorV2.csproj">
</Event><Event ErrorLevel="0" Project="CalculatorV2" Source="CalculatorV2\Calculator.cs" Description="File successfully backed up as C:\home\disciplinas\AVE\2S2009-2010\src\Deployment\Backup\CalculatorV2\Calculator.cs">
</Event><Event ErrorLevel="0" Project="CalculatorV2" Source="CalculatorV2\Properties\AssemblyInfo.cs" Description="File successfully backed up as C:\home\disciplinas\AVE\2S2009-2010\src\Deployment\Backup\CalculatorV2\Properties\AssemblyInfo.cs">
</Event><Event ErrorLevel="0" Project="CalculatorV2" Source="CalculatorV2\key.snk" Description="File successfully backed up as C:\home\disciplinas\AVE\2S2009-2010\src\Deployment\Backup\CalculatorV2\key.snk">
</Event><Event ErrorLevel="0" Project="CalculatorV2" Source="CalculatorV2\CalculatorV2.csproj" Description="Project converted successfully">
</Event><Event ErrorLevel="3" Project="CalculatorV2" Source="CalculatorV2\CalculatorV2.csproj" Description="Converted">
</Event><Event ErrorLevel="0" Project="CalculatorTest" Source="CalculatorTest\CalculatorTest.csproj" Description="Project file successfully backed up as C:\home\disciplinas\AVE\2S2009-2010\src\Deployment\Backup\CalculatorTest\CalculatorTest.csproj">
</Event><Event ErrorLevel="0" Project="CalculatorTest" Source="CalculatorTest\Program.cs" Description="File successfully backed up as C:\home\disciplinas\AVE\2S2009-2010\src\Deployment\Backup\CalculatorTest\Program.cs">
</Event><Event ErrorLevel="0" Project="CalculatorTest" Source="CalculatorTest\Properties\AssemblyInfo.cs" Description="File successfully backed up as C:\home\disciplinas\AVE\2S2009-2010\src\Deployment\Backup\CalculatorTest\Properties\AssemblyInfo.cs">
</Event><Event ErrorLevel="0" Project="CalculatorTest" Source="CalculatorTest\App.config" Description="File successfully backed up as C:\home\disciplinas\AVE\2S2009-2010\src\Deployment\Backup\CalculatorTest\App.config">
</Event><Event ErrorLevel="0" Project="CalculatorTest" Source="CalculatorTest\CalculatorTest.csproj" Description="Project converted successfully">
</Event><Event ErrorLevel="3" Project="CalculatorTest" Source="CalculatorTest\CalculatorTest.csproj" Description="Converted">
</Event><Event ErrorLevel="0" Project="ConfigTest" Source="ConfigTest\ConfigTest.csproj" Description="Project file successfully backed up as C:\home\disciplinas\AVE\2S2009-2010\src\Deployment\Backup\ConfigTest\ConfigTest.csproj">
</Event><Event ErrorLevel="0" Project="ConfigTest" Source="ConfigTest\Properties\Program.cs" Description="File successfully backed up as C:\home\disciplinas\AVE\2S2009-2010\src\Deployment\Backup\ConfigTest\Properties\Program.cs">
</Event><Event ErrorLevel="0" Project="ConfigTest" Source="ConfigTest\Properties\AssemblyInfo.cs" Description="File successfully backed up as C:\home\disciplinas\AVE\2S2009-2010\src\Deployment\Backup\ConfigTest\Properties\AssemblyInfo.cs">
</Event><Event ErrorLevel="0" Project="ConfigTest" Source="ConfigTest\App.config" Description="File successfully backed up as C:\home\disciplinas\AVE\2S2009-2010\src\Deployment\Backup\ConfigTest\App.config">
</Event><Event ErrorLevel="0" Project="ConfigTest" Source="ConfigTest\key.snk" Description="File successfully backed up as C:\home\disciplinas\AVE\2S2009-2010\src\Deployment\Backup\ConfigTest\key.snk">
</Event><Event ErrorLevel="0" Project="ConfigTest" Source="ConfigTest\ConfigTest.csproj" Description="Project converted successfully">
</Event><Event ErrorLevel="3" Project="ConfigTest" Source="ConfigTest\ConfigTest.csproj" Description="Converted">
</Event><Event ErrorLevel="0" Project="" Source="Deployment.sln" Description="Solution converted successfully">
</Event><Event ErrorLevel="3" Project="" Source="Deployment.sln" Description="Converted">
</Event><Event ErrorLevel="0" Project="CalculatorV1" Source="CalculatorV1\CalculatorV1.csproj" Description="Scan complete: Upgrade not required for project files.">
</Event><Event ErrorLevel="0" Project="CalculatorV2" Source="CalculatorV2\CalculatorV2.csproj" Description="Scan complete: Upgrade not required for project files.">
</Event><Event ErrorLevel="0" Project="CalculatorTest" Source="CalculatorTest\CalculatorTest.csproj" Description="Scan complete: Upgrade not required for project files.">
</Event><Event ErrorLevel="0" Project="ConfigTest" Source="ConfigTest\ConfigTest.csproj" Description="Scan complete: Upgrade not required for project files.">
</Event></UpgradeLog>