<?xml version="1.0" encoding="UTF-8"?><?xml-stylesheet type='text/xsl' href='_UpgradeReport_Files/UpgradeReport.xslt'?><UpgradeLog>
<Properties><Property Name="Solution" Value="Reflection">
</Property><Property Name="Solution File" Value="C:\Home\disciplinas\AVE\1S2010-2011\src\Aulas-reflection\Reflection.sln">
</Property><Property Name="User Options File" Value="C:\Home\disciplinas\AVE\1S2010-2011\src\Aulas-reflection\Reflection.suo">
</Property><Property Name="Date" Value="sexta-feira, 26 de Novembro de 2010">
</Property><Property Name="Time" Value="13:49">
</Property></Properties><Event ErrorLevel="0" Project="" Source="Reflection.sln" Description="File successfully backed up as C:\Home\disciplinas\AVE\1S2010-2011\src\Aulas-reflection\Backup\Reflection.sln">
</Event><Event ErrorLevel="0" Project="" Source="Reflection.suo" Description="File successfully backed up as C:\Home\disciplinas\AVE\1S2010-2011\src\Aulas-reflection\Backup\Reflection.suo">
</Event><Event ErrorLevel="0" Project="DumpObject" Source="DumpObject\DumpObject.csproj" Description="Project file successfully backed up as C:\Home\disciplinas\AVE\1S2010-2011\src\Aulas-reflection\Backup\DumpObject\DumpObject.csproj">
</Event><Event ErrorLevel="0" Project="DumpObject" Source="DumpObject\Program.cs" Description="File successfully backed up as C:\Home\disciplinas\AVE\1S2010-2011\src\Aulas-reflection\Backup\DumpObject\Program.cs">
</Event><Event ErrorLevel="0" Project="DumpObject" Source="DumpObject\Properties\AssemblyInfo.cs" Description="File successfully backed up as C:\Home\disciplinas\AVE\1S2010-2011\src\Aulas-reflection\Backup\DumpObject\Properties\AssemblyInfo.cs">
</Event><Event ErrorLevel="0" Project="DumpObject" Source="DumpObject\DumpObject.csproj" Description="Project converted successfully">
</Event><Event ErrorLevel="3" Project="DumpObject" Source="DumpObject\DumpObject.csproj" Description="Converted">
</Event><Event ErrorLevel="0" Project="ShowTypes" Source="ShowTypes\ShowTypes.csproj" Description="Project file successfully backed up as C:\Home\disciplinas\AVE\1S2010-2011\src\Aulas-reflection\Backup\ShowTypes\ShowTypes.csproj">
</Event><Event ErrorLevel="0" Project="ShowTypes" Source="ShowTypes\Program.cs" Description="File successfully backed up as C:\Home\disciplinas\AVE\1S2010-2011\src\Aulas-reflection\Backup\ShowTypes\Program.cs">
</Event><Event ErrorLevel="0" Project="ShowTypes" Source="ShowTypes\Properties\AssemblyInfo.cs" Description="File successfully backed up as C:\Home\disciplinas\AVE\1S2010-2011\src\Aulas-reflection\Backup\ShowTypes\Properties\AssemblyInfo.cs">
</Event><Event ErrorLevel="0" Project="ShowTypes" Source="ShowTypes\ShowTypes.csproj" Description="Project converted successfully">
</Event><Event ErrorLevel="3" Project="ShowTypes" Source="ShowTypes\ShowTypes.csproj" Description="Converted">
</Event><Event ErrorLevel="0" Project="SimpleFormatter" Source="SimpleSerializer\SimpleFormatter.csproj" Description="Project file successfully backed up as C:\Home\disciplinas\AVE\1S2010-2011\src\Aulas-reflection\Backup\SimpleSerializer\SimpleFormatter.csproj">
</Event><Event ErrorLevel="0" Project="SimpleFormatter" Source="SimpleSerializer\Program.cs" Description="File successfully backed up as C:\Home\disciplinas\AVE\1S2010-2011\src\Aulas-reflection\Backup\SimpleSerializer\Program.cs">
</Event><Event ErrorLevel="0" Project="SimpleFormatter" Source="SimpleSerializer\Properties\AssemblyInfo.cs" Description="File successfully backed up as C:\Home\disciplinas\AVE\1S2010-2011\src\Aulas-reflection\Backup\SimpleSerializer\Properties\AssemblyInfo.cs">
</Event><Event ErrorLevel="0" Project="SimpleFormatter" Source="SimpleSerializer\SimpleFormatter.csproj" Description="Project converted successfully">
</Event><Event ErrorLevel="3" Project="SimpleFormatter" Source="SimpleSerializer\SimpleFormatter.csproj" Description="Converted">
</Event><Event ErrorLevel="0" Project="Atributes" Source="Atributes\Atributes.csproj" Description="Project file successfully backed up as C:\Home\disciplinas\AVE\1S2010-2011\src\Aulas-reflection\Backup\Atributes\Atributes.csproj">
</Event><Event ErrorLevel="0" Project="Atributes" Source="Atributes\Program.cs" Description="File successfully backed up as C:\Home\disciplinas\AVE\1S2010-2011\src\Aulas-reflection\Backup\Atributes\Program.cs">
</Event><Event ErrorLevel="0" Project="Atributes" Source="Atributes\Properties\AssemblyInfo.cs" Description="File successfully backed up as C:\Home\disciplinas\AVE\1S2010-2011\src\Aulas-reflection\Backup\Atributes\Properties\AssemblyInfo.cs">
</Event><Event ErrorLevel="0" Project="Atributes" Source="Atributes\Atributes.csproj" Description="Project converted successfully">
</Event><Event ErrorLevel="3" Project="Atributes" Source="Atributes\Atributes.csproj" Description="Converted">
</Event><Event ErrorLevel="0" Project="optbuild" Source="optbuild\optbuild.csproj" Description="Project file successfully backed up as C:\Home\disciplinas\AVE\1S2010-2011\src\Aulas-reflection\Backup\optbuild\optbuild.csproj">
</Event><Event ErrorLevel="0" Project="optbuild" Source="optbuild\optbuild.csproj.user" Description="Project user file successfully backed up as C:\Home\disciplinas\AVE\1S2010-2011\src\Aulas-reflection\Backup\optbuild\optbuild.csproj.user">
</Event><Event ErrorLevel="0" Project="optbuild" Source="optbuild\AssemblyInfo.cs" Description="File successfully backed up as C:\Home\disciplinas\AVE\1S2010-2011\src\Aulas-reflection\Backup\optbuild\AssemblyInfo.cs">
</Event><Event ErrorLevel="0" Project="optbuild" Source="optbuild\OptionAttribute.cs" Description="File successfully backed up as C:\Home\disciplinas\AVE\1S2010-2011\src\Aulas-reflection\Backup\optbuild\OptionAttribute.cs">
</Event><Event ErrorLevel="0" Project="optbuild" Source="optbuild\Options.cs" Description="File successfully backed up as C:\Home\disciplinas\AVE\1S2010-2011\src\Aulas-reflection\Backup\optbuild\Options.cs">
</Event><Event ErrorLevel="0" Project="optbuild" Source="optbuild\optbuild.csproj" Description="Project converted successfully">
</Event><Event ErrorLevel="3" Project="optbuild" Source="optbuild\optbuild.csproj" Description="Converted">
</Event><Event ErrorLevel="0" Project="testoptbuild" Source="testoptbuild\testoptbuild.csproj" Description="Project file successfully backed up as C:\Home\disciplinas\AVE\1S2010-2011\src\Aulas-reflection\Backup\testoptbuild\testoptbuild.csproj">
</Event><Event ErrorLevel="0" Project="testoptbuild" Source="testoptbuild\testoptbuild.csproj.user" Description="Project user file successfully backed up as C:\Home\disciplinas\AVE\1S2010-2011\src\Aulas-reflection\Backup\testoptbuild\testoptbuild.csproj.user">
</Event><Event ErrorLevel="0" Project="testoptbuild" Source="testoptbuild\AssemblyInfo.cs" Description="File successfully backed up as C:\Home\disciplinas\AVE\1S2010-2011\src\Aulas-reflection\Backup\testoptbuild\AssemblyInfo.cs">
</Event><Event ErrorLevel="0" Project="testoptbuild" Source="testoptbuild\Class1.cs" Description="File successfully backed up as C:\Home\disciplinas\AVE\1S2010-2011\src\Aulas-reflection\Backup\testoptbuild\Class1.cs">
</Event><Event ErrorLevel="0" Project="testoptbuild" Source="testoptbuild\App.ico" Description="File successfully backed up as C:\Home\disciplinas\AVE\1S2010-2011\src\Aulas-reflection\Backup\testoptbuild\App.ico">
</Event><Event ErrorLevel="0" Project="testoptbuild" Source="testoptbuild\testoptbuild.csproj" Description="Project converted successfully">
</Event><Event ErrorLevel="3" Project="testoptbuild" Source="testoptbuild\testoptbuild.csproj" Description="Converted">
</Event><Event ErrorLevel="0" Project="loadvalues" Source="loadvalues\loadvalues.csproj" Description="Project file successfully backed up as C:\Home\disciplinas\AVE\1S2010-2011\src\Aulas-reflection\Backup\loadvalues\loadvalues.csproj">
</Event><Event ErrorLevel="0" Project="loadvalues" Source="loadvalues\loadvalues.csproj.user" Description="Project user file successfully backed up as C:\Home\disciplinas\AVE\1S2010-2011\src\Aulas-reflection\Backup\loadvalues\loadvalues.csproj.user">
</Event><Event ErrorLevel="0" Project="loadvalues" Source="loadvalues\AssemblyInfo.cs" Description="File successfully backed up as C:\Home\disciplinas\AVE\1S2010-2011\src\Aulas-reflection\Backup\loadvalues\AssemblyInfo.cs">
</Event><Event ErrorLevel="0" Project="loadvalues" Source="loadvalues\loadvalues.cs" Description="File successfully backed up as C:\Home\disciplinas\AVE\1S2010-2011\src\Aulas-reflection\Backup\loadvalues\loadvalues.cs">
</Event><Event ErrorLevel="0" Project="loadvalues" Source="loadvalues\App.ico" Description="File successfully backed up as C:\Home\disciplinas\AVE\1S2010-2011\src\Aulas-reflection\Backup\loadvalues\App.ico">
</Event><Event ErrorLevel="0" Project="loadvalues" Source="loadvalues\loadvalues.csproj" Description="Project converted successfully">
</Event><Event ErrorLevel="3" Project="loadvalues" Source="loadvalues\loadvalues.csproj" Description="Converted">
</Event><Event ErrorLevel="0" Project="" Source="Reflection.sln" Description="Solution converted successfully">
</Event><Event ErrorLevel="3" Project="" Source="Reflection.sln" Description="Converted">
</Event><Event ErrorLevel="0" Project="DumpObject" Source="DumpObject\DumpObject.csproj" Description="Scan complete: Upgrade not required for project files.">
</Event><Event ErrorLevel="0" Project="ShowTypes" Source="ShowTypes\ShowTypes.csproj" Description="Scan complete: Upgrade not required for project files.">
</Event><Event ErrorLevel="0" Project="SimpleFormatter" Source="SimpleSerializer\SimpleFormatter.csproj" Description="Scan complete: Upgrade not required for project files.">
</Event><Event ErrorLevel="0" Project="Atributes" Source="Atributes\Atributes.csproj" Description="Scan complete: Upgrade not required for project files.">
</Event><Event ErrorLevel="0" Project="optbuild" Source="optbuild\optbuild.csproj" Description="Scan complete: Upgrade not required for project files.">
</Event><Event ErrorLevel="0" Project="testoptbuild" Source="testoptbuild\testoptbuild.csproj" Description="Scan complete: Upgrade not required for project files.">
</Event><Event ErrorLevel="0" Project="loadvalues" Source="loadvalues\loadvalues.csproj" Description="Scan complete: Upgrade not required for project files.">
</Event></UpgradeLog>