<?xml version="1.0" encoding="UTF-8"?><?xml-stylesheet type='text/xsl' href='_UpgradeReport_Files/UpgradeReport.xslt'?><UpgradeLog>
<Properties><Property Name="Solution" Value="tArrays2">
</Property><Property Name="Solution File" Value="C:\Home\disciplinas\AVE\1S2010-2011\src\Aulas-CTS2\tArrays2\tArrays2.sln">
</Property><Property Name="Date" Value="sexta-feira, 5 de Novembro de 2010">
</Property><Property Name="Time" Value="14:11:54">
</Property></Properties><Event ErrorLevel="0" Project="tArrays2" Source="tArrays2.csproj" Description="Project file successfully backed up as C:\Home\disciplinas\AVE\1S2010-2011\src\Aulas-CTS2\tArrays2\Backup\tArrays2.csproj">
</Event><Event ErrorLevel="0" Project="tArrays2" Source="tArrays2.csproj.user" Description="Project user file successfully backed up as C:\Home\disciplinas\AVE\1S2010-2011\src\Aulas-CTS2\tArrays2\Backup\tArrays2.csproj.user">
</Event><Event ErrorLevel="0" Project="tArrays2" Source="AssemblyInfo.cs" Description="File successfully backed up as C:\Home\disciplinas\AVE\1S2010-2011\src\Aulas-CTS2\tArrays2\Backup\AssemblyInfo.cs">
</Event><Event ErrorLevel="0" Project="tArrays2" Source="Class1.cs" Description="File successfully backed up as C:\Home\disciplinas\AVE\1S2010-2011\src\Aulas-CTS2\tArrays2\Backup\Class1.cs">
</Event><Event ErrorLevel="0" Project="tArrays2" Source="App.ico" Description="File successfully backed up as C:\Home\disciplinas\AVE\1S2010-2011\src\Aulas-CTS2\tArrays2\Backup\App.ico">
</Event><Event ErrorLevel="0" Project="tArrays2" Source="tArrays2.csproj" Description="Project converted successfully">
</Event><Event ErrorLevel="3" Project="tArrays2" Source="tArrays2.csproj" Description="Converted">
</Event><Event ErrorLevel="0" Project="tArrays2" Source="tArrays2.csproj" Description="Scan complete: Upgrade not required for project files.">
</Event></UpgradeLog>