<?xml version="1.0" encoding="UTF-8"?><?xml-stylesheet type='text/xsl' href='_UpgradeReport_Files/UpgradeReport.xslt'?><UpgradeLog>
<Properties><Property Name="Solution" Value="CTS2">
</Property><Property Name="Solution File" Value="C:\Home\disciplinas\AVE\1S2010-2011\src\Aulas-CTS2\CTS2.sln">
</Property><Property Name="Date" Value="quarta-feira, 3 de Novembro de 2010">
</Property><Property Name="Time" Value="14:22:41">
</Property><Property Name="Log Number" Value="2">
</Property></Properties><Event ErrorLevel="0" Project="TArrays" Source="TArrays\TArrays.csproj" Description="Project file successfully backed up as C:\Home\disciplinas\AVE\1S2010-2011\src\Aulas-CTS2\Backup1\TArrays.csproj">
</Event><Event ErrorLevel="0" Project="TArrays" Source="TArrays\TArrays.csproj.user" Description="Project user file successfully backed up as C:\Home\disciplinas\AVE\1S2010-2011\src\Aulas-CTS2\Backup1\TArrays.csproj.user">
</Event><Event ErrorLevel="0" Project="TArrays" Source="TArrays\AssemblyInfo.cs" Description="File successfully backed up as C:\Home\disciplinas\AVE\1S2010-2011\src\Aulas-CTS2\Backup1\AssemblyInfo.cs">
</Event><Event ErrorLevel="0" Project="TArrays" Source="TArrays\Class1.cs" Description="File successfully backed up as C:\Home\disciplinas\AVE\1S2010-2011\src\Aulas-CTS2\Backup1\Class1.cs">
</Event><Event ErrorLevel="0" Project="TArrays" Source="TArrays\App.ico" Description="File successfully backed up as C:\Home\disciplinas\AVE\1S2010-2011\src\Aulas-CTS2\Backup1\App.ico">
</Event><Event ErrorLevel="0" Project="TArrays" Source="TArrays\TArrays.csproj" Description="Project converted successfully">
</Event><Event ErrorLevel="3" Project="TArrays" Source="TArrays\TArrays.csproj" Description="Converted">
</Event><Event ErrorLevel="0" Project="TArrays" Source="TArrays\TArrays.csproj" Description="Scan complete: Upgrade not required for project files.">
</Event></UpgradeLog>