<?xml version="1.0" encoding="UTF-8"?><?xml-stylesheet type='text/xsl' href='_UpgradeReport_Files/UpgradeReport.xslt'?><UpgradeLog>
<Properties><Property Name="Solution" Value="CTS2">
</Property><Property Name="Solution File" Value="C:\Home\disciplinas\AVE\1S2010-2011\src\Aulas-CTS2\CTS2.sln">
</Property><Property Name="Date" Value="quarta-feira, 3 de Novembro de 2010">
</Property><Property Name="Time" Value="14:22:18">
</Property></Properties><Event ErrorLevel="0" Project="Enums" Source="Enums\Enums.csproj" Description="Project file successfully backed up as C:\Home\disciplinas\AVE\1S2010-2011\src\Aulas-CTS2\Backup\Enums.csproj">
</Event><Event ErrorLevel="0" Project="Enums" Source="Enums\Enums.csproj.user" Description="Project user file successfully backed up as C:\Home\disciplinas\AVE\1S2010-2011\src\Aulas-CTS2\Backup\Enums.csproj.user">
</Event><Event ErrorLevel="0" Project="Enums" Source="Enums\AssemblyInfo.cs" Description="File successfully backed up as C:\Home\disciplinas\AVE\1S2010-2011\src\Aulas-CTS2\Backup\AssemblyInfo.cs">
</Event><Event ErrorLevel="0" Project="Enums" Source="Enums\EnumTester.cs" Description="File successfully backed up as C:\Home\disciplinas\AVE\1S2010-2011\src\Aulas-CTS2\Backup\EnumTester.cs">
</Event><Event ErrorLevel="0" Project="Enums" Source="Enums\EnumsApp.cs" Description="File successfully backed up as C:\Home\disciplinas\AVE\1S2010-2011\src\Aulas-CTS2\Backup\EnumsApp.cs">
</Event><Event ErrorLevel="0" Project="Enums" Source="Enums\App.ico" Description="File successfully backed up as C:\Home\disciplinas\AVE\1S2010-2011\src\Aulas-CTS2\Backup\App.ico">
</Event><Event ErrorLevel="0" Project="Enums" Source="Enums\Enums.csproj" Description="Project converted successfully">
</Event><Event ErrorLevel="3" Project="Enums" Source="Enums\Enums.csproj" Description="Converted">
</Event><Event ErrorLevel="0" Project="Enums" Source="Enums\Enums.csproj" Description="Scan complete: Upgrade not required for project files.">
</Event></UpgradeLog>