<?xml version="1.0" encoding="UTF-8"?><?xml-stylesheet type='text/xsl' href='_UpgradeReport_Files/UpgradeReport.xslt'?><UpgradeLog>
<Properties><Property Name="Solution" Value="loadvalues">
</Property><Property Name="Solution File" Value="C:\home\disciplinas\AVE\1s2006-2007\src\reflection\loadvalues\loadvalues.sln">
</Property><Property Name="User Options File" Value="C:\home\disciplinas\AVE\1s2006-2007\src\reflection\loadvalues\loadvalues.suo">
</Property><Property Name="Date" Value="quinta-feira, 14 de Dezembro de 2006">
</Property><Property Name="Time" Value="0:02">
</Property></Properties><Event ErrorLevel="0" Project="" Source="loadvalues.sln" Description="File successfully backed up as C:\home\disciplinas\AVE\1s2006-2007\src\reflection\loadvalues\Backup\loadvalues.sln">
</Event><Event ErrorLevel="0" Project="" Source="loadvalues.suo" Description="File successfully backed up as C:\home\disciplinas\AVE\1s2006-2007\src\reflection\loadvalues\Backup\loadvalues.suo">
</Event><Event ErrorLevel="0" Project="loadvalues" Source="loadvalues.csproj" Description="Project file successfully backed up as C:\home\disciplinas\AVE\1s2006-2007\src\reflection\loadvalues\Backup\loadvalues.csproj">
</Event><Event ErrorLevel="0" Project="loadvalues" Source="loadvalues.csproj.user" Description="Project user file successfully backed up as C:\home\disciplinas\AVE\1s2006-2007\src\reflection\loadvalues\Backup\loadvalues.csproj.user">
</Event><Event ErrorLevel="0" Project="loadvalues" Source="AssemblyInfo.cs" Description="File successfully backed up as C:\home\disciplinas\AVE\1s2006-2007\src\reflection\loadvalues\Backup\AssemblyInfo.cs">
</Event><Event ErrorLevel="0" Project="loadvalues" Source="loadvalues.cs" Description="File successfully backed up as C:\home\disciplinas\AVE\1s2006-2007\src\reflection\loadvalues\Backup\loadvalues.cs">
</Event><Event ErrorLevel="0" Project="loadvalues" Source="App.ico" Description="File successfully backed up as C:\home\disciplinas\AVE\1s2006-2007\src\reflection\loadvalues\Backup\App.ico">
</Event><Event ErrorLevel="0" Project="loadvalues" Source="loadvalues.csproj" Description="The project file does not require conversion.">
</Event><Event ErrorLevel="3" Project="loadvalues" Source="loadvalues.csproj" Description="No Conversion Required">
</Event><Event ErrorLevel="0" Project="" Source="loadvalues.sln" Description="Solution converted successfully">
</Event><Event ErrorLevel="3" Project="" Source="loadvalues.sln" Description="Converted">
</Event></UpgradeLog>